scheme,miehe_H_tip,bourdin_d_tip
grid_8,2.05499840e-01,4.74123557e-01
grid_16,2.33317580e-02,3.79304774e-01
grid_32,4.04371744e-03,1.27387585e-01
